Fun Bowl,1
Ramblewood,1
Outback Jack,2
Easy Mile,1
Pleasantview,1
Jane O. Trail,2
The Ridge,1
Bayview,2
Borderline,2
Cat Track,1
Bayview Glade,3
Hot Flash,2
Smokey,3
Southern Comfort,2
Whitefish,2
Scarface,3
Southern Comfort Glade,3
Chips,2
Chute,3
Southwest Passage,2
Blue Line,2
Twilight Zone,3
The Big 4-0,2
Goose Bumps,3
Powerline Glade 1 & 2,4
Gator's Alley,2
Duck Soup,1
Sno Pro,2
Bark Biter,1
Home Run,1
Big Time,1
EZ4U,1
Pintail Glade,4
Terrain Park,3
Dogleg,1
Race Arena,2
Foo Foo Land,1
Dories Bowl,2
Foo Land,1
Revelry,2
Orangesicle,2
Birch Run,2
Brownie,2
Smooth Sailing,2
Tower Glade 1,4
Valley,2
Tower Glade 2,4
Arena Glade 1,4
Tower Glade 3,4
Arena Glade 2,4
Tower Glade 4,4
Arena Glade 3,4
Panda Land,1